Index,ModelGroup,Distance
1,1,6.557438524302
2,1,8.54400374531753
3,1,10.14889156509222
4,1,19.364916731037084
5,1,84.74078120952154
6,1,96.91233151668574
7,2,5.0990195135927845
8,2,15.684387141358123
9,2,16.3707055437449
10,2,25.15949125081825
11,2,77.9807668595276
12,2,91.18113840043894
13,3,5.477225575051661
14,3,6.324555320336759
15,3,8.18535277187245
16,3,11.704699910719626
17,3,82.66801074176153
18,3,90.9945053286186
